execution_method,SIZE_CATEGORY,mean_energy,median_energy,sd_energy,mean_execution_time,median_execution_time,sd_execution_time,mean_cpu_usage,median_cpu_usage,sd_cpu_usage,mean_memory_usage,median_memory_usage,sd_memory_usage
codon,large,124.61925849999999,121.62450249999998,7.2733018759727175,10.105720100000001,10.046505,0.14802183111834094,95.7009,97.46385000000001,6.645572919370205,0.8998362,0.902685,0.006087876966197285
cpp,large,124.45541,123.2958775,8.987225005427915,10.24294319,10.227320899999999,0.1438309827996308,94.68673,95.06434999999999,7.281846585409807,0.3241685,0.324329,0.010209710337059844
python,large,7609.448850500014,7551.236949999991,216.2646919715752,368.50518523,365.3657962,10.433126000163739,99.74647,99.769,0.338703908877488,3.753327,3.752195,0.022787673592926907
codon,medium,79.0267865,78.605435,16.203229353600243,7.61642621,7.7661974,0.8969979222509882,93.07334,92.6317,6.560653745067382,0.6842112,0.696078,0.019891359613884843
cpp,medium,112.1377285,113.25520750000001,8.243505339492698,9.52531059,9.587891599999999,0.4900310757845931,93.41205,95.26995,6.440412158524226,0.2156623,0.2183825,0.037859158803972975
python,medium,3909.4565854999883,4698.769414999973,1593.7681382182634,191.33430645,229.0805113,75.90121587075724,99.94351,100.02924999999999,0.9275533616874984,2.854092,3.06589,0.4561455458951671
codon,small,40.8118955,40.8752975,3.2239650549288683,5.9025431699999995,6.0258821000000005,0.2601578235477245,87.27027,88.2,6.854854056968197,0.6364337,0.647143,0.0311119945217632
cpp,small,87.4236835,85.10958249999999,7.8525317720599705,7.9994365300000005,7.9636225,0.28770787912090456,94.34296,94.31055,6.67982115432575,0.1216383,0.1212655,0.015082255902955043
python,small,1142.3218005,1003.6024200000002,300.58160405871445,58.65813309,52.02624075,15.000680820184181,98.21644,97.3347,2.2970166531588063,2.050944,2.01649,0.101697549648182
