execution_method,SIZE_CATEGORY,mean_energy,median_energy,sd_energy,mean_execution_time,median_execution_time,sd_execution_time,mean_cpu_usage,median_cpu_usage,sd_cpu_usage,mean_memory_usage,median_memory_usage,sd_memory_usage
codon,large,240.1314495,245.84493249999997,20.557635934803248,16.77623596,17.10168455,1.0835681194838689,95.45033,94.8347,4.669666993135356,0.09925526,0.09927475,5.975829463578901e-5
cpp,large,223.71512950000002,224.60282,16.614208000987105,15.9481709,16.23253265,1.0789334838678708,96.66719,96.59925,5.000921878447345,0,0,0
python,large,8496.545724499982,8573.861994999927,468.8104472666948,405.31702864,408.3434337,21.944199335552568,99.78886,99.77590000000001,0.2164986230389893,0.09997321,0.09997344999999999,1.5147056919844675e-6
codon,medium,151.148113,150.24829,13.25225785585134,12.04807995,11.9324028,0.6578320679513802,93.28167,91.87835,6.075296763313982,0.03958648,0,0.051105926739117055
cpp,medium,141.630289,144.2306075,15.459521237347152,11.45721262,11.656868750000001,0.7039920737795696,96.47677,96.54984999999999,5.032109025724482,0,0,0
python,medium,5680.241391666674,5701.091959999991,526.841355185486,276.31629617,279.57632925,25.776597756218173,99.79948,99.8724,0.5150388891465694,0.09996039,0.09996115,3.798376846323142e-6
codon,small,57.633787500000004,52.962085,31.30386167904105,7.00286531,6.817815599999999,1.4705507778369395,88.4699,90.17795,5.377575399543719,0,0,0
cpp,small,62.7271955,55.9238725,31.09434749540085,7.29356803,6.662660750000001,1.7302394641895087,91.2644,93.80754999999999,8.070395589230225,0,0,0
python,small,2554.1265579999995,1770.6131349999996,1215.8732861486064,124.7886848,88.03205095,57.094274852082194,99.48787,99.2914,1.0431420538716458,0,0,0
