run_number,execution_method,execution_time,flag,SIZE
1,cpp,.378139,o0,250000
1,cpp,.259685,o3,250000
1,python,1.0722282,NA,250000
1,codon,.3310761,NA,250000
2,cpp,.364609,o0,250000
2,cpp,.2917729,o3,250000
2,python,1.1093481,NA,250000
2,codon,.339582,NA,250000
3,cpp,.3573111,o0,250000
3,cpp,.274008,o3,250000
3,python,1.122506,NA,250000
