execution_method,SIZE_CATEGORY,mean_energy,median_energy,sd_energy,mean_execution_time,median_execution_time,sd_execution_time,mean_cpu_usage,median_cpu_usage,sd_cpu_usage,mean_memory_usage,median_memory_usage,sd_memory_usage
codon,large,108.6527415,108.70121,2.0931542283876157,8.63622902,8.6391861,0.11282298896442254,144.9156,142.83049999999997,13.371953129176337,7.3102409999999995,7.3357399999999995,0.1828174292353501
cpp,large,57.5545445,57.393905000000004,0.8042654812223576,6.81496714,6.80468355,0.1775774297309342,92.80333999999999,95.52875,7.670263789205688,1.9028749999999999,1.89881,0.08249469104130272
python,large,3145.8920299999963,3241.4695600000123,300.9605182704799,162.23509008,162.5844409,14.796712698341782,98.51713,99.09315000000001,2.4815358009148727,47.48966,48.33895,2.6014418579788496
codon,medium,80.008234,85.253085,10.891632208993387,7.2655771399999995,7.2630367,0.39061746529968905,146.4038,143.51999999999998,8.24055058570455,5.836955,5.97778,0.3900843794830378
cpp,medium,38.0065325,37.766572499999995,2.330229360664181,5.70707985,5.6719747,0.44715297551286565,89.67055,90.15645,5.420214575959557,1.470113,1.46885,0.18894116697768354
python,medium,2521.6531177777765,2615.8353449999995,187.43457629839062,126.60164349,130.50052245,7.962650098715716,99.7743,99.9965,0.8198181397250363,37.56517,38.8264,2.3602500799938793
codon,small,38.078326,43.695697499999994,10.330086966097783,5.62305369,5.6963170000000005,0.31206682004837605,139.0846,142.7575,14.304590065197027,3.924501,4.10777,0.334690964537935
cpp,small,18.4268765,17.927417499999997,1.865339616590636,4.65121667,4.65038675,0.13091194837566764,84.01328,86.26135,5.364550974022793,1.0053714,1.015215,0.048527425437581165
python,small,1628.7712864999987,1716.975572499996,186.75553700156493,82.51045221,86.98386305,8.615846816469261,99.36663,99.28205,1.4824949308888429,24.3706,25.60105,2.4029991811160576
