execution_method,SIZE_CATEGORY,mean_energy,median_energy,sd_energy,mean_execution_time,median_execution_time,sd_execution_time,mean_cpu_usage,median_cpu_usage,sd_cpu_usage,mean_memory_usage,median_memory_usage,sd_memory_usage
codon,large,108.62148611111111,108.13597500000004,13.091025772231037,10.652442820000001,10.4538037,0.7793014863901201,95.93902,97.40025,6.660384745443264,0,0,0
cpp,large,110.095167,107.6594575,14.57742378597605,10.69777313,10.420136849999999,0.8473122097326282,93.48871,90.83875,7.66706061646545,0,0,0
python,large,13872.49622333337,14087.787492500036,1264.0379250337048,662.8094971,669.0527194,48.38492829136857,99.96113,100.0125,0.17376655508660838,0,0,0
codon,medium,46.012667,46.478275,13.568893282880147,6.67620078,6.55251065,0.8193269956024258,89.60266,93.64920000000001,8.368002555794169,0,0,0
cpp,medium,35.100499,30.4107675,13.343304013005676,6.34170527,5.92680195,0.7132185287276295,86.86588,88.03620000000001,5.941841899949881,0,0,0
python,medium,6398.952009499999,6205.810952500004,1057.5705461095274,308.49471826,301.5050665,49.204565031770024,99.69059,99.7652,0.39363118792990903,0,0,0
codon,small,22.26811625,17.7653,8.019063099619355,4.99579008,5.04953855,0.4658276536529786,85.60851,86.5104,6.390545078029986,0,0,0
cpp,small,22.81356142857143,16.233719999999998,9.329436760066992,4.90292834,5.0433912,0.5272290620199855,84.64673,82.16460000000001,6.520105600039518,0,0,0
python,small,4543.480763888885,4964.439069999964,843.9678149099719,211.72596048,238.1084661,43.418743953925905,99.58746000000001,99.55105,0.5159409789673401,0,0,0
