execution_method,SIZE_CATEGORY,mean_energy,median_energy,sd_energy,mean_execution_time,median_execution_time,sd_execution_time,mean_cpu_usage,median_cpu_usage,sd_cpu_usage,mean_memory_usage,median_memory_usage,sd_memory_usage
codon,large,468.87572150000005,460.2642575,22.867941704483,27.14998827,26.641136600000003,1.2811779569636794,108.2717,107.879,2.201750417281666,0,0,0
cpp,large,85.3412255,90.35770249999999,10.11872467116244,8.47819348,8.35784495,0.3853189525614352,90.4007,90.0279,5.80457759435507,0,0,0
python,large,2646.142834500002,2640.031957500003,107.53451644777967,127.20843464000001,127.06575175,4.989322636870657,99.37529,99.2396,1.1268719728621457,0,0,0
codon,medium,294.65810749999997,300.346535,26.7218415992769,18.64431902,19.05814805,1.3742922294750695,103.70233,102.2995,5.686335451677117,0,0,0
cpp,medium,51.235236,55.875842500000005,9.058280225157963,6.26940143,6.4206818000000005,0.34974593101111767,89.64054999999999,90.44104999999999,6.513098044240458,0,0,0
python,medium,1794.390398000001,1865.1585675000024,168.25411133326662,87.55011981999999,91.16815840000001,7.859840075124613,99.23501,99.2652,1.0973298597049126,0,0,0
codon,small,146.23185850000002,155.2932225,27.24507019721734,11.188300420000001,11.4475002,1.1724226481551967,104.16920999999999,103.1985,6.1726168409714575,0,0,0
cpp,small,19.258330833333332,20.0532225,1.4914545000549522,4.607601,4.4868418000000005,0.44470651578595083,81.60591,79.93055000000001,7.354608473822536,0,0,0
python,small,988.3102309999997,996.0333649999992,155.74902043239376,49.79455821,50.049088350000005,7.400029999622823,99.24092,99.4586,2.515451626690966,0,0,0
