execution_method,SIZE_CATEGORY,mean_energy,median_energy,sd_energy,mean_execution_time,median_execution_time,sd_execution_time,mean_cpu_usage,median_cpu_usage,sd_cpu_usage,mean_memory_usage,median_memory_usage,sd_memory_usage
codon,large,323.00423450000005,310.487975,41.65258990959294,21.06946004,20.35310175,2.264424193424163,96.03828,96.4264,3.0961772892103965,0,0,0
cpp,large,258.6774685,238.59313749999995,47.70161553193967,18.05813908,16.897578,2.5000294618027348,97.31778,99.26835,4.740503563921827,0,0,0
python,large,8738.112406499975,7877.37381249998,1473.57282201954,421.63067771,380.0598281,70.96128250465462,99.79041,99.7417,0.40813605424879884,0,0,0
codon,medium,126.22619449999999,128.12673999999998,41.6702206690551,10.77123587,10.8744549,2.39792920172481,93.91684000000001,91.88225,7.244407927682336,0,0,0
cpp,medium,105.723021,108.72322500000001,28.321844221586158,9.79628427,10.06156805,1.4173990371871845,91.73516,91.58595,5.680127468874856,0,0,0
python,medium,3028.4108959999976,2323.5437850000017,1144.12910121961,147.98790975,114.36524675,54.279313893308995,100.06217,100.2705,0.8661999962159099,0,0,0
codon,small,32.717372,36.279295,8.545705783999287,5.32995044,5.3914604,0.1732802940488309,85.26074,83.37065000000001,8.331099667070767,0,0,0
cpp,small,18.297654375,17.9210725,1.5909417261650802,4.47218072,4.58037795,0.3495032012602199,75.36344,74.00434999999999,7.264686120955263,0,0,0
python,small,1198.3002740000002,1294.7316250000003,215.43133365486256,61.18858396,65.72075795,10.462287784915938,99.4171,100.1965,1.4937579582307758,0,0,0
